Timestamp,Gas,AQI,Action,PDR,Energy
2026-04-03 11:29:44.200772,2224,271,2,1.0,0.158
2026-04-03 11:29:46.520570,2220,271,2,1.0,0.317
2026-04-03 11:29:48.756898,2221,271,2,1.0,0.475
2026-04-03 11:29:51.012605,2210,269,2,1.0,0.634
2026-04-03 11:29:53.265330,2204,269,2,1.0,0.792
2026-04-03 11:29:55.518279,2212,270,2,1.0,0.95
2026-04-03 11:29:57.757646,2209,269,2,1.0,1.109
2026-04-03 11:30:00.012156,2206,269,2,1.0,1.267
2026-04-03 11:30:02.260093,2199,268,2,1.0,1.426
2026-04-03 11:30:04.513583,2201,268,2,1.0,1.584
2026-04-03 11:30:06.763224,2217,270,2,1.0,1.742
2026-04-03 11:30:09.020342,2214,270,2,1.0,1.901
2026-04-03 11:30:11.266203,2213,270,2,1.0,2.059
2026-04-03 11:30:13.520639,2215,270,2,1.0,2.218
2026-04-03 11:30:15.768188,2218,270,2,1.0,2.376
2026-04-03 11:30:18.021358,2219,270,2,1.0,2.534
2026-04-03 11:30:20.270968,2219,270,2,1.0,2.693
2026-04-03 11:30:22.507161,2207,269,2,1.0,2.851
2026-04-03 11:30:24.775999,2218,270,2,1.0,3.01
2026-04-03 11:30:27.045540,2214,270,2,1.0,3.168
2026-04-03 11:30:29.267807,2217,270,2,1.0,3.326
2026-04-03 11:30:31.521392,2220,271,2,1.0,3.485
2026-04-03 11:30:33.764716,2215,270,2,1.0,3.643
2026-04-03 11:30:36.018672,2216,270,2,1.0,3.802
2026-04-03 11:30:38.273664,2206,269,2,1.0,3.96
2026-04-04 19:53:52.607847,1412,172,2,1.0,0.158
2026-04-04 19:53:54.923185,1406,171,2,1.0,0.317
2026-04-04 19:53:57.169731,1401,171,2,1.0,0.475
2026-04-04 19:53:59.438408,1382,168,2,1.0,0.634
2026-04-04 19:54:01.673253,1361,166,2,1.0,0.792
2026-04-04 19:54:03.921339,1462,178,2,1.0,0.95
2026-04-04 19:54:08.826147,1477,180,2,1.0,1.109
2026-04-04 19:54:11.173421,1454,177,2,1.0,1.267
2026-04-04 19:54:13.423299,1448,176,2,1.0,1.426
2026-04-04 19:54:15.673300,1434,175,2,1.0,1.584
2026-04-04 19:54:17.925284,1445,176,2,1.0,1.742
2026-04-04 19:54:20.177661,1441,175,2,1.0,1.901
2026-04-04 19:54:22.421870,1431,174,2,1.0,2.059
2026-04-04 19:54:24.682973,1426,174,2,1.0,2.218
2026-04-04 19:54:26.925042,1419,173,2,1.0,2.376
2026-04-04 19:54:29.174114,1418,173,2,1.0,2.534
2026-04-04 19:54:31.427790,1418,173,2,1.0,2.693
2026-04-04 19:54:33.640159,1418,173,2,1.0,2.851
2026-04-04 19:54:35.905032,1329,162,2,1.0,3.01
2026-04-04 19:54:38.194657,1269,154,2,1.0,3.168
2026-04-04 19:54:40.443906,1341,163,2,1.0,3.326
2026-04-04 19:54:42.674676,1389,169,2,1.0,3.485
2026-04-04 19:54:44.927073,1403,171,2,1.0,3.643
2026-04-04 19:54:47.182431,1419,173,2,1.0,3.802
2026-04-04 19:54:49.421437,1426,174,2,1.0,3.96
2026-04-04 19:54:51.691357,1429,174,2,1.0,4.118
2026-04-04 19:54:53.930162,1438,175,2,1.0,4.277
2026-04-04 19:54:56.223762,1456,177,2,1.0,4.435
2026-04-04 19:54:58.431613,1459,178,2,1.0,4.594
2026-04-04 19:55:00.672467,1473,179,2,1.0,4.752
2026-04-04 19:55:02.926585,1487,181,2,1.0,4.91
2026-04-04 19:55:05.176425,1490,181,2,1.0,5.069
2026-04-04 19:55:07.456449,1496,182,2,1.0,5.227
2026-04-04 19:55:09.668191,1500,183,2,1.0,5.386
2026-04-04 19:55:11.928083,1499,183,2,1.0,5.544
2026-04-04 19:55:14.180207,1507,184,2,1.0,5.702
2026-04-04 19:55:16.425129,1516,185,2,1.0,5.861
2026-04-04 19:55:18.682236,1522,185,2,1.0,6.019
2026-04-04 19:55:20.930659,1526,186,2,1.0,6.178
2026-04-04 19:55:23.194269,1528,186,2,1.0,6.336
2026-04-04 19:55:25.426108,1535,187,2,1.0,6.494
2026-04-04 19:55:27.678221,1527,186,2,1.0,6.653
2026-04-04 19:55:29.927201,1553,189,2,1.0,6.811
2026-04-04 19:55:32.176679,1555,189,2,1.0,6.97
2026-04-04 19:55:34.426465,1566,191,2,1.0,7.128
2026-04-04 19:55:36.685329,1568,191,2,1.0,7.286
2026-04-04 19:55:38.928418,1571,191,2,1.0,7.445
2026-04-04 19:55:41.182035,1578,192,2,1.0,7.603
2026-04-04 19:55:43.435942,1582,193,2,1.0,7.762
2026-04-04 19:55:45.679656,1586,193,2,1.0,7.92
2026-04-04 19:55:47.934351,1585,193,2,1.0,8.078
2026-04-04 19:55:50.179671,1594,194,2,1.0,8.237
2026-04-04 19:55:52.442359,1594,194,2,1.0,8.395
2026-04-04 19:55:54.649566,1601,195,2,1.0,8.554
2026-04-04 19:55:56.935667,1598,195,2,1.0,8.712
2026-04-04 19:55:59.188539,1603,195,2,1.0,8.87
2026-04-04 19:56:16.047654,1616,197,2,1.0,0.158
2026-04-04 19:56:18.188138,1627,198,2,1.0,0.317
2026-04-04 19:56:20.434830,1622,198,2,1.0,0.475
2026-04-04 19:56:22.688768,1627,198,2,1.0,0.634
2026-04-04 19:56:24.938905,1632,199,2,1.0,0.792
2026-04-04 19:56:27.184873,1640,200,2,1.0,0.95
2026-04-04 19:56:29.446394,1637,199,2,1.0,1.109
2026-04-04 19:56:31.708417,1638,200,2,1.0,1.267
2026-04-04 19:56:33.954491,1640,200,2,1.0,1.426
2026-04-04 19:56:36.180189,1635,199,2,1.0,1.584
2026-04-04 19:56:38.446973,1635,199,2,1.0,1.742
2026-04-04 19:56:40.656458,1635,199,2,1.0,1.901
2026-04-04 19:56:42.934742,1632,199,2,1.0,2.059
2026-04-04 19:56:45.192157,1638,200,2,1.0,2.218
2026-04-04 19:56:47.439520,1638,200,2,1.0,2.376
2026-04-04 19:56:49.667062,1643,200,2,1.0,2.534
2026-04-04 19:56:51.941146,1647,201,2,1.0,2.693
2026-04-04 19:56:54.193964,1647,201,2,1.0,2.851
2026-04-04 19:56:56.430495,1648,201,2,1.0,3.01
2026-04-04 19:56:58.704145,1660,202,2,1.0,3.168
2026-04-04 19:57:00.940740,1652,201,2,1.0,3.326
2026-04-04 19:57:03.187686,1647,201,2,1.0,3.485
2026-04-04 19:57:05.440056,1643,200,2,1.0,3.643
2026-04-04 19:57:07.690348,1648,201,2,1.0,3.802
2026-04-04 19:57:09.939928,1653,201,2,1.0,3.96
2026-04-04 19:57:12.191883,1655,202,2,1.0,4.118
2026-04-04 19:57:14.436807,1657,202,2,1.0,4.277
2026-04-04 19:57:16.688313,1671,204,2,1.0,4.435
2026-04-04 19:57:18.938404,1630,199,2,1.0,4.594
2026-04-04 19:57:21.185961,1594,194,2,1.0,4.752
2026-04-04 19:57:23.433408,1584,193,2,1.0,4.91
2026-04-04 19:57:25.680542,1601,195,2,1.0,5.069
2026-04-04 19:57:27.949610,1492,182,2,1.0,5.227
2026-04-04 19:57:30.191277,1528,186,2,1.0,5.386
2026-04-04 19:57:32.444623,1563,190,2,1.0,5.544
2026-04-04 19:57:34.687004,1534,187,2,1.0,5.702
2026-04-04 19:57:36.956049,1554,189,2,1.0,5.861
2026-04-04 19:57:39.192081,1582,193,2,1.0,6.019
2026-04-04 19:57:41.448813,1600,195,2,1.0,6.178
2026-04-04 19:57:43.686620,1614,197,2,1.0,6.336
2026-04-04 19:57:45.938343,1625,198,2,1.0,6.494
2026-04-04 19:57:50.836203,1639,200,2,1.0,6.653
2026-04-04 19:57:53.193225,1653,201,2,1.0,6.811
2026-04-04 19:57:55.444032,1664,203,2,1.0,6.97
2026-04-04 19:57:57.691343,1710,208,2,1.0,7.128
2026-04-04 19:57:59.977352,1722,210,2,1.0,7.286
2026-04-04 19:58:02.192687,1718,209,2,1.0,7.445
2026-04-04 19:58:04.443970,1760,214,2,1.0,7.603
2026-04-04 19:58:06.688193,1746,213,2,1.0,7.762
2026-04-04 19:58:08.935538,1746,213,2,1.0,7.92
2026-04-04 19:58:11.163057,1747,213,2,1.0,8.078
2026-04-04 19:58:13.439709,1750,213,2,1.0,8.237
2026-04-04 19:58:15.689833,1752,213,2,1.0,8.395
2026-04-04 19:58:17.937478,1755,214,2,1.0,8.554
2026-04-04 19:58:20.188386,1751,213,2,1.0,8.712
2026-04-04 19:58:22.435951,1754,214,2,1.0,8.87
2026-04-04 19:58:24.700730,1757,214,2,1.0,9.029
2026-04-04 19:58:26.944758,1753,214,2,1.0,9.187
2026-04-04 19:58:29.190641,1764,215,2,1.0,9.346
2026-04-04 19:58:31.441348,1755,214,2,1.0,9.504
2026-04-04 19:58:33.692193,1770,216,2,1.0,9.662
2026-04-04 19:58:35.939011,1769,215,2,1.0,9.821
2026-04-04 19:58:38.190697,1769,215,2,1.0,9.979
2026-04-04 19:58:40.410097,1780,217,2,1.0,10.138
2026-04-04 19:58:42.700560,1776,216,2,1.0,10.296
2026-04-04 19:58:44.939540,1766,215,2,1.0,10.454
2026-04-04 19:58:47.191360,1759,214,2,1.0,10.613
2026-04-04 19:58:49.440480,1759,214,2,1.0,10.771
2026-04-04 19:58:51.666068,1670,203,2,1.0,10.93
2026-04-04 19:58:53.945422,1757,214,2,1.0,11.088
2026-04-04 19:58:56.195406,1758,214,2,1.0,11.246
2026-04-04 19:58:58.453781,1759,214,2,1.0,11.405
2026-04-04 19:59:00.709352,1757,214,2,1.0,11.563
2026-04-04 19:59:02.954513,1798,219,2,1.0,11.722
2026-04-04 19:59:05.219032,1780,217,2,1.0,11.88
2026-04-04 19:59:07.468588,1773,216,2,1.0,12.038
2026-04-04 19:59:09.710040,1772,216,2,1.0,12.197
2026-04-04 19:59:11.947409,1773,216,2,1.0,12.355
2026-04-04 19:59:14.198999,1749,213,2,1.0,12.514
2026-04-04 19:59:16.447586,1762,215,2,1.0,12.672
2026-04-04 19:59:18.694703,1762,215,2,1.0,12.83
2026-04-04 19:59:20.927115,1761,215,2,1.0,12.989
2026-04-04 19:59:23.207261,1760,214,2,1.0,13.147
2026-04-04 19:59:25.447369,1763,215,2,1.0,13.306
2026-04-04 19:59:27.699537,1764,215,2,1.0,13.464
2026-04-04 19:59:29.947840,1764,215,2,1.0,13.622
2026-04-04 19:59:32.178281,1762,215,2,1.0,13.781
2026-04-04 19:59:34.450693,1766,215,2,1.0,13.939
2026-04-04 19:59:36.709452,1767,215,2,1.0,14.098
2026-04-04 19:59:38.942187,1766,215,2,1.0,14.256
2026-04-04 19:59:41.196827,1769,215,2,1.0,14.414
2026-04-04 19:59:43.447536,1772,216,2,1.0,14.573
2026-04-04 19:59:45.692287,1767,215,2,1.0,14.731
2026-04-04 19:59:47.945694,1766,215,2,1.0,14.89
2026-04-04 19:59:50.196354,1769,215,2,1.0,15.048
2026-04-04 19:59:52.451837,1757,214,2,1.0,15.206
2026-04-04 19:59:54.691465,1776,216,2,1.0,15.365
2026-04-04 19:59:56.956207,1773,216,2,1.0,15.523
2026-04-04 19:59:59.196620,1775,216,2,1.0,15.682
2026-04-04 20:00:01.449965,1776,216,2,1.0,15.84
2026-04-04 20:00:03.698437,1778,217,2,1.0,15.998
2026-04-04 20:00:05.952329,1776,216,2,1.0,16.157
2026-04-04 20:00:08.202009,1779,217,2,1.0,16.315
2026-04-04 20:00:10.451767,1780,217,2,1.0,16.474
2026-04-04 20:00:12.693784,1783,217,2,1.0,16.632
2026-04-04 20:00:14.948752,1783,217,2,1.0,16.79
2026-04-04 20:00:17.176841,1787,218,2,1.0,16.949
2026-04-04 20:00:19.445563,1785,217,2,1.0,17.107
2026-04-04 20:00:21.701977,1785,217,2,1.0,17.266
2026-04-04 20:00:23.917215,1781,217,2,1.0,17.424
2026-04-04 20:00:26.200864,1789,218,2,1.0,17.582
2026-04-04 20:00:28.449912,1784,217,2,1.0,17.741
2026-04-04 20:00:30.705317,1791,218,2,1.0,17.899
2026-04-04 20:00:32.948065,1792,218,2,1.0,18.058
2026-04-04 20:00:35.206208,1791,218,2,1.0,18.216
2026-04-04 20:00:37.454826,1794,219,2,1.0,18.374
2026-04-04 20:00:39.704048,1791,218,2,1.0,18.533
2026-04-04 20:00:41.953514,1793,218,2,1.0,18.691
2026-04-04 20:00:44.200307,1796,219,2,1.0,18.85
2026-04-04 20:00:46.452658,1797,219,2,1.0,19.008
2026-04-04 20:00:48.701380,1798,219,2,1.0,19.166
2026-04-04 20:00:50.954152,1797,219,2,1.0,19.325
2026-04-04 20:00:53.205643,1798,219,2,1.0,19.483
2026-04-04 20:00:55.451766,1799,219,2,1.0,19.642
2026-04-04 20:00:57.701485,1804,220,2,1.0,19.8
2026-04-04 20:00:59.953457,1804,220,2,1.0,19.958
2026-04-04 20:01:02.185749,1800,219,2,1.0,20.117
2026-04-04 20:01:04.453667,1807,220,2,1.0,20.275
2026-04-04 20:01:06.703293,1806,220,2,1.0,20.434
2026-04-04 20:01:08.953828,1804,220,2,1.0,20.592
2026-04-04 20:01:11.216171,1796,219,2,1.0,20.75
2026-04-04 20:01:13.460977,1805,220,2,1.0,20.909
2026-04-04 20:01:15.712515,1804,220,2,1.0,21.067
2026-04-04 20:01:17.955465,1808,220,2,1.0,21.226
2026-04-04 20:01:20.206469,1805,220,2,1.0,21.384
2026-04-04 20:01:22.460156,1798,219,2,1.0,21.542
2026-04-04 20:01:24.705717,1808,220,2,1.0,21.701
2026-04-04 20:01:26.967529,1808,220,2,1.0,21.859
2026-04-04 20:01:29.180175,1810,221,2,1.0,22.018
2026-04-04 20:01:31.455944,1810,221,2,1.0,22.176
2026-04-04 20:01:33.682917,1811,221,2,1.0,22.334
2026-04-04 20:01:35.955284,1811,221,2,1.0,22.493
2026-04-04 20:01:38.177528,1809,220,2,1.0,22.651
2026-04-04 20:01:40.470918,1813,221,2,1.0,22.81
2026-04-04 20:01:42.707013,1810,221,2,1.0,22.968
2026-04-04 20:01:44.956768,1814,221,2,1.0,23.126
2026-04-04 20:01:47.207689,1813,221,2,1.0,23.285
2026-04-04 20:01:49.477945,1815,221,2,1.0,23.443
2026-04-04 20:01:51.705871,1815,221,2,1.0,23.602
2026-04-04 20:01:53.929856,1813,221,2,1.0,23.76
2026-04-04 20:01:56.216416,1818,221,2,1.0,23.918
2026-04-04 20:01:58.457275,1819,222,2,1.0,24.077
2026-04-04 20:02:00.705121,1818,221,2,1.0,24.235
2026-04-04 20:02:02.963609,1821,222,2,1.0,24.394
2026-04-04 20:02:05.203936,1816,221,2,1.0,24.552
2026-04-04 20:02:07.460662,1823,222,2,1.0,24.71
2026-04-04 20:02:09.716722,1819,222,2,1.0,24.869
2026-04-04 20:02:11.962560,1825,222,2,1.0,25.027
2026-04-04 20:02:14.209286,1823,222,2,1.0,25.186
2026-04-04 20:02:16.457919,1822,222,2,1.0,25.344
2026-04-04 20:02:18.711350,1828,223,2,1.0,25.502
2026-04-04 20:02:20.957554,1829,223,2,1.0,25.661
2026-04-04 20:02:23.209911,1826,222,2,1.0,25.819
2026-04-04 20:02:25.455656,1821,222,2,1.0,25.978
2026-04-04 20:02:27.709965,1826,222,2,1.0,26.136
2026-04-04 20:02:29.959107,1828,223,2,1.0,26.294
2026-04-04 20:02:32.209592,1828,223,2,1.0,26.453
2026-04-04 20:02:34.433161,1833,223,2,1.0,26.611
2026-04-04 20:02:36.708013,1833,223,2,1.0,26.77
2026-04-04 20:02:38.936927,1833,223,2,1.0,26.928
2026-04-04 20:02:41.188437,1832,223,2,1.0,27.086
2026-04-04 20:02:43.474215,1836,224,2,1.0,27.245
2026-04-04 20:02:45.713344,1835,224,2,1.0,27.403
2026-04-04 20:02:47.965865,1832,223,2,1.0,27.562
2026-04-04 20:02:50.211539,1833,223,2,1.0,27.72
2026-04-04 20:02:52.468549,1833,223,2,1.0,27.878
2026-04-04 20:02:54.692289,1839,224,2,1.0,28.037
2026-04-04 20:02:56.978305,1835,224,2,1.0,28.195
2026-04-04 20:02:59.215835,1840,224,2,1.0,28.354
2026-04-04 20:03:01.471162,1839,224,2,1.0,28.512
2026-04-04 20:03:03.725398,1840,224,2,1.0,28.67
2026-04-04 20:03:05.970847,1840,224,2,1.0,28.829
2026-04-04 20:03:08.186547,1846,225,2,1.0,28.987
2026-04-04 20:03:10.469308,1842,224,2,1.0,29.146
2026-04-04 20:03:12.714295,1842,224,2,1.0,29.304
2026-04-04 20:03:14.937736,1842,224,2,1.0,29.462
2026-04-04 20:03:17.595556,1840,224,2,1.0,29.621
2026-04-04 20:03:19.960129,1845,225,2,1.0,29.779
2026-04-04 20:03:22.206397,1847,225,2,1.0,29.938
2026-04-04 20:03:24.458009,1841,224,2,1.0,30.096
2026-04-04 20:03:26.702396,1853,226,2,1.0,30.254
2026-04-04 20:03:28.954812,1845,225,2,1.0,30.413
2026-04-04 20:03:31.200427,1853,226,2,1.0,30.571
2026-04-04 20:03:33.449240,1850,225,2,1.0,30.73
2026-04-04 20:03:35.703620,1852,226,2,1.0,30.888
2026-04-04 20:03:37.951283,1846,225,2,1.0,31.046
2026-04-04 20:03:40.197595,1851,226,2,1.0,31.205
2026-04-04 20:03:42.456232,1852,226,2,1.0,31.363
2026-04-04 20:03:44.692337,1853,226,2,1.0,31.522
2026-04-04 20:03:46.945028,1852,226,2,1.0,31.68
2026-04-04 20:03:49.194900,1852,226,2,1.0,31.838
2026-04-04 20:03:51.416656,1852,226,2,1.0,31.997
2026-04-04 20:03:53.663402,1847,225,2,1.0,32.155
2026-04-04 20:03:55.950461,1854,226,2,1.0,32.314
2026-04-04 20:03:58.195368,1850,225,2,1.0,32.472
2026-04-04 20:04:00.454311,1855,226,2,1.0,32.63
2026-04-04 20:04:02.751129,1856,226,2,1.0,32.789
2026-04-04 20:04:04.952786,1845,225,2,1.0,32.947
2026-04-04 20:04:07.201454,1852,226,2,1.0,33.106
2026-04-04 20:04:09.455470,1859,226,2,1.0,33.264
2026-04-04 20:04:11.699818,1852,226,2,1.0,33.422
2026-04-04 20:04:13.947403,1854,226,2,1.0,33.581
2026-04-04 20:04:16.199312,1859,226,2,1.0,33.739
2026-04-04 20:04:18.450667,1860,227,2,1.0,33.898
2026-04-04 20:04:20.743729,1862,227,2,1.0,34.056
2026-04-04 20:04:22.961583,1858,226,2,1.0,34.214
2026-04-04 20:04:25.246550,1863,227,2,1.0,34.373
2026-04-04 20:04:27.460319,1867,227,2,1.0,34.531
2026-04-04 20:04:29.743484,1866,227,2,1.0,34.69
2026-04-04 20:04:31.962094,1867,227,2,1.0,34.848
2026-04-04 20:04:34.254599,1865,227,2,1.0,35.006
2026-04-04 20:04:36.453340,1866,227,2,1.0,35.165
2026-04-04 20:04:38.753002,1868,228,2,1.0,35.323
2026-04-04 20:04:40.961184,1886,230,2,1.0,35.482
2026-04-04 20:04:43.257863,1868,228,2,1.0,35.64
2026-04-04 20:04:45.465600,1866,227,2,1.0,35.798
2026-04-04 20:04:47.741961,1869,228,2,1.0,35.957
2026-04-04 20:04:49.951964,1866,227,2,1.0,36.115
2026-04-04 20:04:52.212287,1871,228,2,1.0,36.274
2026-04-04 20:04:54.458393,1869,228,2,1.0,36.432
2026-04-04 20:04:56.858834,1873,228,2,1.0,36.59
2026-04-04 20:04:59.207139,1871,228,2,1.0,36.749
2026-04-04 20:05:01.457933,1871,228,2,1.0,36.907
2026-04-04 20:05:03.686256,1872,228,2,1.0,37.066
2026-04-04 20:05:05.959215,1873,228,2,1.0,37.224
2026-04-04 20:05:08.208516,1869,228,2,1.0,37.382
2026-04-04 20:05:10.464857,1872,228,2,1.0,37.541
2026-04-04 20:05:12.713194,1884,230,2,1.0,37.699
2026-04-04 20:05:14.966197,1873,228,2,1.0,37.858
2026-04-04 20:05:17.220313,1871,228,2,1.0,38.016
2026-04-04 20:05:19.465670,1874,228,2,1.0,38.174
2026-04-04 20:05:21.728995,1873,228,2,1.0,38.333
2026-04-04 20:05:23.960991,1913,233,2,1.0,38.491
2026-04-04 20:05:26.215661,1873,228,2,1.0,38.65
2026-04-04 20:05:28.456726,1873,228,2,1.0,38.808
2026-04-04 20:05:30.679915,1874,228,2,1.0,38.966
2026-04-04 20:05:32.958506,1876,229,2,1.0,39.125
2026-04-04 20:05:35.206326,1874,228,2,1.0,39.283
2026-04-04 20:05:37.457774,1876,229,2,1.0,39.442
2026-04-04 20:05:39.719590,1879,229,2,1.0,39.6
2026-04-04 20:05:41.969319,1871,228,2,1.0,39.758
2026-04-04 20:05:44.211772,1876,229,2,1.0,39.917
2026-04-04 20:05:46.465452,1879,229,2,1.0,40.075
2026-04-04 20:05:48.714588,1881,229,2,1.0,40.234
2026-04-04 20:05:50.972001,1882,229,2,1.0,40.392
2026-04-04 20:05:53.217851,1881,229,2,1.0,40.55
2026-04-04 20:05:55.465068,1883,229,2,1.0,40.709
2026-04-04 20:05:57.715737,1883,229,2,1.0,40.867
2026-04-04 20:05:59.935061,1878,229,2,1.0,41.026
2026-04-04 20:06:02.214886,1885,230,2,1.0,41.184
2026-04-04 20:06:04.466321,1885,230,2,1.0,41.342
2026-04-04 20:06:06.686711,1883,229,2,1.0,41.501
2026-04-04 20:06:08.966046,1884,230,2,1.0,41.659
2026-04-04 20:06:11.215982,1900,231,2,1.0,41.818
2026-04-04 20:06:13.464207,1887,230,2,1.0,41.976
2026-04-04 20:06:15.723131,1883,229,2,1.0,42.134
2026-04-04 20:06:17.965535,1889,230,2,1.0,42.293
2026-04-04 20:06:20.217877,1889,230,2,1.0,42.451
2026-04-04 20:06:22.456064,1888,230,2,1.0,42.61
2026-04-04 20:06:24.717600,1888,230,2,1.0,42.768
2026-04-04 20:06:26.941772,1888,230,2,1.0,42.926
2026-04-04 20:06:29.193286,1890,230,2,1.0,43.085
2026-04-04 20:06:31.472468,1892,231,2,1.0,43.243
2026-04-04 20:06:33.720034,1893,231,2,1.0,43.402
2026-04-04 20:06:35.973948,1892,231,2,1.0,43.56
2026-04-04 20:06:38.220773,1893,231,2,1.0,43.718
2026-04-04 20:06:40.475833,1895,231,2,1.0,43.877
2026-04-04 20:06:42.726235,1894,231,2,1.0,44.035
2026-04-04 20:06:44.984237,1896,231,2,1.0,44.194
2026-04-04 20:06:47.216127,1896,231,2,1.0,44.352
2026-04-04 20:06:49.442357,1895,231,2,1.0,44.51
2026-04-04 20:06:51.723087,1922,234,2,1.0,44.669
2026-04-04 20:06:53.974252,1899,231,2,1.0,44.827
2026-04-04 20:06:56.217840,1897,231,2,1.0,44.986
2026-04-04 20:06:58.478543,1901,232,2,1.0,45.144
2026-04-04 20:07:00.720180,1894,231,2,1.0,45.302
2026-04-04 20:07:02.971899,1903,232,2,1.0,45.461
2026-04-04 20:07:05.225385,1902,232,2,1.0,45.619
2026-04-04 20:07:07.486168,1902,232,2,1.0,45.778
2026-04-04 20:07:09.707322,1902,232,2,1.0,45.936
2026-04-04 20:07:11.946166,1899,231,2,1.0,46.094
2026-04-04 20:07:14.230590,1903,232,2,1.0,46.253
2026-04-04 20:07:16.471654,1901,232,2,1.0,46.411
2026-04-04 20:07:18.727721,1904,232,2,1.0,46.57
2026-04-04 20:07:20.974629,1904,232,2,1.0,46.728
2026-04-04 20:07:23.202786,1905,232,2,1.0,46.886
2026-04-04 20:07:25.477264,1901,232,2,1.0,47.045
2026-04-04 20:07:27.727201,1905,232,2,1.0,47.203
2026-04-04 20:07:29.977220,1907,232,2,1.0,47.362
2026-04-04 20:07:32.229417,1895,231,2,1.0,47.52
2026-04-04 20:07:34.475653,1910,233,2,1.0,47.678
2026-04-04 20:07:36.728490,1909,233,2,1.0,47.837
2026-04-04 20:07:38.987158,1910,233,2,1.0,47.995
2026-04-04 20:07:41.227811,1911,233,2,1.0,48.154
2026-04-04 20:07:43.474489,1909,233,2,1.0,48.312
2026-04-04 20:09:30.150137,1929,235,2,1.0,0.158
2026-04-04 20:09:32.483878,1935,236,2,1.0,0.317
2026-04-04 20:09:34.731515,1936,236,2,1.0,0.475
2026-04-04 20:09:36.977313,1936,236,2,1.0,0.634
2026-04-04 20:09:39.200537,1935,236,2,1.0,0.792
2026-04-04 20:09:41.486577,1937,236,2,1.0,0.95
2026-04-04 20:09:43.726482,1933,236,2,1.0,1.109
2026-04-04 20:09:45.977153,1933,236,2,1.0,1.267
2026-04-04 20:09:48.200853,1936,236,2,1.0,1.426
2026-04-04 20:09:50.486897,1936,236,2,1.0,1.584
2026-04-04 20:09:52.703913,1936,236,2,1.0,1.742
2026-04-04 20:09:54.960182,1935,236,2,1.0,1.901
2026-04-04 20:09:57.230740,1937,236,2,1.0,2.059
2026-04-04 20:09:59.484285,1937,236,2,1.0,2.218
2026-04-04 20:10:01.707159,1933,236,2,1.0,2.376
2026-04-04 20:10:03.996182,1946,237,2,1.0,2.534
2026-04-04 20:10:06.231524,1935,236,2,1.0,2.693
2026-04-04 20:10:08.489775,1938,236,2,1.0,2.851
2026-04-04 20:10:10.729409,1937,236,2,1.0,3.01
2026-04-04 20:10:12.980185,1940,236,2,1.0,3.168
2026-04-04 20:10:15.233190,1938,236,2,1.0,3.326
2026-04-04 20:10:17.505445,1936,236,2,1.0,3.485
2026-04-04 20:10:19.733333,1941,236,2,1.0,3.643
2026-04-04 20:10:21.986302,1942,237,2,1.0,3.802
2026-04-04 20:10:24.246037,1939,236,2,1.0,3.96
2026-04-04 20:10:26.479727,1939,236,2,1.0,4.118
2026-04-04 20:10:28.708145,1943,237,2,1.0,4.277
2026-04-04 20:10:30.983423,1943,237,2,1.0,4.435
2026-04-04 20:10:33.206408,1942,237,2,1.0,4.594
2026-04-04 20:10:35.484765,1946,237,2,1.0,4.752
2026-04-04 20:10:37.728927,1942,237,2,1.0,4.91
2026-04-04 20:10:39.983446,1941,236,2,1.0,5.069
2026-04-04 20:10:42.235339,1946,237,2,1.0,5.227
2026-04-04 20:10:44.482053,1947,237,2,1.0,5.386
2026-04-04 20:10:46.731809,1942,237,2,1.0,5.544
2026-04-04 20:10:48.983451,1946,237,2,1.0,5.702
2026-04-04 20:10:51.231545,1948,237,2,1.0,5.861
2026-04-04 20:10:53.485263,1948,237,2,1.0,6.019
2026-04-04 20:10:55.700287,1947,237,2,1.0,6.178
2026-04-04 20:10:57.983429,1948,237,2,1.0,6.336
2026-04-04 20:11:00.231114,1950,238,2,1.0,6.494
2026-04-04 20:11:02.558429,1951,238,2,1.0,6.653
2026-04-04 20:11:04.757606,1948,237,2,1.0,6.811
2026-04-04 20:11:06.989625,1950,238,2,1.0,6.97
2026-04-04 20:11:09.229884,1947,237,2,1.0,7.128
2026-04-04 20:11:11.483864,1946,237,2,1.0,7.286
2026-04-04 20:11:13.742139,1939,236,2,1.0,7.445
2026-04-04 20:11:15.983937,1952,238,2,1.0,7.603
2026-04-04 20:11:18.239773,1952,238,2,1.0,7.762
2026-04-04 20:11:20.457169,1951,238,2,1.0,7.92
2026-04-04 20:11:22.731413,1952,238,2,1.0,8.078
2026-04-04 20:11:24.987160,1953,238,2,1.0,8.237
2026-04-04 20:11:27.243297,1952,238,2,1.0,8.395
2026-04-04 20:11:29.484361,1952,238,2,1.0,8.554
2026-04-04 20:11:31.716446,1950,238,2,1.0,8.712
2026-04-04 20:11:33.987015,1950,238,2,1.0,8.87
2026-04-04 20:11:36.207499,1955,238,2,1.0,9.029
2026-04-04 20:11:38.481529,1955,238,2,1.0,9.187
2026-04-04 20:11:40.705642,1955,238,2,1.0,9.346
2026-04-04 20:11:42.959580,1826,222,2,1.0,9.504
2026-04-04 20:11:45.238071,1951,238,2,1.0,9.662
2026-04-04 20:11:47.488220,1955,238,2,1.0,9.821
2026-04-04 20:11:49.738681,1957,238,2,1.0,9.979
2026-04-04 20:11:51.986591,1954,238,2,1.0,10.138
2026-04-04 20:11:54.242496,1953,238,2,1.0,10.296
2026-04-04 20:11:56.488022,1952,238,2,1.0,10.454
2026-04-04 20:11:58.747497,1957,238,2,1.0,10.613
2026-04-04 20:12:00.986450,1958,239,2,1.0,10.771
2026-04-04 20:12:03.252231,1958,239,2,1.0,10.93
2026-04-04 20:12:05.466205,1959,239,2,1.0,11.088
2026-04-04 20:12:07.758582,1951,238,2,1.0,11.246
2026-04-04 20:12:09.985096,1959,239,2,1.0,11.405
2026-04-04 20:12:12.757642,1961,239,2,1.0,11.563
2026-04-04 20:12:15.000541,1953,238,2,1.0,11.722
2026-04-04 20:12:17.242033,1955,238,2,1.0,11.88
2026-04-04 20:12:19.492363,1961,239,2,1.0,12.038
2026-04-04 20:12:21.748280,1963,239,2,1.0,12.197
2026-04-04 20:12:24.008717,1964,239,2,1.0,12.355
2026-04-04 20:12:26.241745,1964,239,2,1.0,12.514
2026-04-04 20:12:28.459261,1962,239,2,1.0,12.672
2026-04-04 20:12:30.735846,1962,239,2,1.0,12.83
2026-04-04 20:12:32.956089,1965,239,2,1.0,12.989
2026-04-04 20:12:35.253430,1964,239,2,1.0,13.147
2026-04-04 20:12:37.485624,1966,240,2,1.0,13.306
2026-04-04 20:12:39.743865,1960,239,2,1.0,13.464
2026-04-04 20:12:41.994410,1963,239,2,1.0,13.622
2026-04-04 20:12:44.239945,1964,239,2,1.0,13.781
2026-04-04 20:12:46.483937,1962,239,2,1.0,13.939
2026-04-04 20:12:48.735460,1956,238,2,1.0,14.098
2026-04-04 20:12:50.986812,1961,239,2,1.0,14.256
2026-04-04 20:12:53.246841,1967,240,2,1.0,14.414
2026-04-04 20:12:55.497846,1967,240,2,1.0,14.573
2026-04-04 20:12:57.715280,1967,240,2,1.0,14.731
2026-04-04 20:12:59.967282,1968,240,2,1.0,14.89
2026-04-04 20:13:02.235566,1964,239,2,1.0,15.048
2026-04-04 20:13:04.522485,1967,240,2,1.0,15.206
2026-04-04 20:13:06.752530,1968,240,2,1.0,15.365
2026-04-04 20:13:08.998169,1968,240,2,1.0,15.523
2026-04-04 20:13:11.212597,1969,240,2,1.0,15.682
2026-04-04 20:13:13.494152,1974,241,2,1.0,15.84
2026-04-04 20:13:15.742789,1965,239,2,1.0,15.998
2026-04-04 20:13:17.993917,1968,240,2,1.0,16.157
2026-04-04 20:13:20.243063,1970,240,2,1.0,16.315
2026-04-04 20:13:22.497745,1956,238,2,1.0,16.474
2026-04-04 20:13:24.755353,1967,240,2,1.0,16.632
2026-04-04 20:13:27.008156,1968,240,2,1.0,16.79
2026-04-04 20:13:29.264535,1970,240,2,1.0,16.949
2026-04-04 20:13:31.494070,1972,240,2,1.0,17.107
2026-04-04 20:13:33.757954,1970,240,2,1.0,17.266
2026-04-04 20:13:35.991513,1972,240,2,1.0,17.424
2026-04-04 20:13:38.254075,1974,241,2,1.0,17.582
2026-04-04 20:13:40.493997,1972,240,2,1.0,17.741
2026-04-04 20:13:42.745601,1972,240,2,1.0,17.899
2026-04-04 20:13:44.970201,1972,240,2,1.0,18.058
2026-04-04 20:13:47.215123,1972,240,2,1.0,18.216
2026-04-04 20:13:49.470357,1976,241,2,1.0,18.374
2026-04-04 20:13:51.744720,1976,241,2,1.0,18.533
2026-04-04 20:13:53.963951,1975,241,2,1.0,18.691
2026-04-04 20:13:56.250522,1974,241,2,1.0,18.85
2026-04-04 20:13:58.497759,1970,240,2,1.0,19.008
2026-04-04 20:14:00.758032,1975,241,2,1.0,19.166
2026-04-04 20:14:03.002739,1972,240,2,1.0,19.325
2026-04-04 20:14:05.261491,1973,240,2,1.0,19.483
2026-04-04 20:14:07.503760,1976,241,2,1.0,19.642
2026-04-04 20:14:09.751415,1973,240,2,1.0,19.8
2026-04-04 20:14:12.001421,1978,241,2,1.0,19.958
2026-04-04 20:14:14.249521,1971,240,2,1.0,20.117
2026-04-04 20:14:16.504388,1976,241,2,1.0,20.275
2026-04-04 20:14:18.747818,1976,241,2,1.0,20.434
2026-04-04 20:14:20.970932,1974,241,2,1.0,20.592
2026-04-04 20:14:23.253426,1972,240,2,1.0,20.75
2026-04-04 20:14:25.502269,1980,241,2,1.0,20.909
2026-04-04 20:14:27.753582,1977,241,2,1.0,21.067
2026-04-04 20:14:29.999550,1979,241,2,1.0,21.226
2026-04-04 20:14:32.246484,1979,241,2,1.0,21.384
2026-04-04 20:14:34.474393,1981,241,2,1.0,21.542
2026-04-04 20:14:36.758538,1982,242,2,1.0,21.701
2026-04-04 20:14:39.006792,1979,241,2,1.0,21.859
2026-04-04 20:14:41.247421,1976,241,2,1.0,22.018
2026-04-04 20:14:43.503494,1975,241,2,1.0,22.176
2026-04-04 20:14:45.752964,1983,242,2,1.0,22.334
2026-04-04 20:14:48.015533,1977,241,2,1.0,22.493
2026-04-04 20:14:50.267209,1979,241,2,1.0,22.651
2026-04-04 20:14:52.507438,1982,242,2,1.0,22.81
2026-04-04 20:14:54.753569,1981,241,2,1.0,22.968
2026-04-04 20:14:57.002433,1983,242,2,1.0,23.126
2026-04-04 20:14:59.273997,1984,242,2,1.0,23.285
2026-04-04 20:15:01.514927,1983,242,2,1.0,23.443
2026-04-04 20:15:03.752036,1984,242,2,1.0,23.602
2026-04-04 20:15:06.003165,1984,242,2,1.0,23.76
2026-04-04 20:15:08.220805,1984,242,2,1.0,23.918
2026-04-04 20:15:10.471434,1984,242,2,1.0,24.077
2026-04-04 20:15:12.720032,1986,242,2,1.0,24.235
2026-04-04 20:15:15.006479,1985,242,2,1.0,24.394
2026-04-04 20:15:17.256798,1985,242,2,1.0,24.552
2026-04-04 20:15:19.475880,1987,242,2,1.0,24.71
2026-04-04 20:15:21.765511,1987,242,2,1.0,24.869
2026-04-04 20:15:23.973324,1985,242,2,1.0,25.027
2026-04-04 20:15:26.253472,1983,242,2,1.0,25.186
2026-04-04 20:15:28.506054,1981,241,2,1.0,25.344
2026-04-04 20:15:30.759571,1988,242,2,1.0,25.502
2026-04-04 20:15:33.003227,1988,242,2,1.0,25.661
2026-04-04 20:15:35.223573,2068,252,2,1.0,25.819
2026-04-04 20:15:37.508433,1989,242,2,1.0,25.978
2026-04-04 20:15:39.757546,1988,242,2,1.0,26.136
2026-04-04 20:15:42.005888,1986,242,2,1.0,26.294
2026-04-04 20:15:44.258461,1987,242,2,1.0,26.453
2026-04-04 20:15:46.509234,1985,242,2,1.0,26.611
2026-04-04 20:15:48.787177,1986,242,2,1.0,26.77
2026-04-04 20:15:51.008256,1991,243,2,1.0,26.928
2026-04-04 20:15:53.255724,1989,242,2,1.0,27.086
2026-04-04 20:15:55.509391,1991,243,2,1.0,27.245
2026-04-04 20:15:57.755863,1990,242,2,1.0,27.403
2026-04-04 20:16:00.002924,1991,243,2,1.0,27.562
2026-04-04 20:16:02.255986,1990,242,2,1.0,27.72
2026-04-04 20:16:04.510218,1992,243,2,1.0,27.878
2026-04-04 20:16:06.754693,1993,243,2,1.0,28.037
2026-04-04 20:16:09.010919,1994,243,2,1.0,28.195
2026-04-04 20:16:11.260409,2048,250,2,1.0,28.354
2026-04-04 20:16:13.507187,1992,243,2,1.0,28.512
2026-04-04 20:16:15.762433,1990,242,2,1.0,28.67
2026-04-04 20:16:18.019173,1992,243,2,1.0,28.829
2026-04-04 20:16:20.259173,1976,241,2,1.0,28.987
2026-04-04 20:16:22.537580,1995,243,2,1.0,29.146
2026-04-04 20:16:24.773533,1995,243,2,1.0,29.304
2026-04-04 20:16:26.987861,1997,243,2,1.0,29.462
2026-04-04 20:16:29.268645,1996,243,2,1.0,29.621
2026-04-04 20:16:31.516122,1993,243,2,1.0,29.779
2026-04-04 20:16:33.761011,1994,243,2,1.0,29.938
2026-04-04 20:16:36.021811,1997,243,2,1.0,30.096
2026-04-04 20:16:38.266711,1996,243,2,1.0,30.254
2026-04-04 20:16:40.514362,1995,243,2,1.0,30.413
2026-04-04 20:16:42.770120,1995,243,2,1.0,30.571
2026-04-04 20:16:44.991062,1996,243,2,1.0,30.73
2026-04-04 20:16:47.261461,2000,244,2,1.0,30.888
2026-04-04 20:16:49.509967,1992,243,2,1.0,31.046
2026-04-04 20:16:51.762226,2002,244,2,1.0,31.205
2026-04-04 20:16:54.029168,2000,244,2,1.0,31.363
2026-04-04 20:16:56.263221,1996,243,2,1.0,31.522
2026-04-04 20:16:58.509514,1992,243,2,1.0,31.68
2026-04-04 20:17:00.761851,2000,244,2,1.0,31.838
2026-04-04 20:17:03.015336,1999,244,2,1.0,31.997
2026-04-04 20:17:05.264560,1999,244,2,1.0,32.155
2026-04-04 20:17:07.482292,1997,243,2,1.0,32.314
2026-04-04 20:17:09.768152,1997,243,2,1.0,32.472
2026-04-04 20:17:11.996527,2000,244,2,1.0,32.63
2026-04-04 20:17:14.262669,1990,242,2,1.0,32.789
2026-04-04 20:17:16.510254,2000,244,2,1.0,32.947
2026-04-04 20:17:18.768176,2000,244,2,1.0,33.106
2026-04-04 20:17:20.984706,2000,244,2,1.0,33.264
2026-04-04 20:17:23.237451,2001,244,2,1.0,33.422
2026-04-04 20:17:25.509616,2001,244,2,1.0,33.581
2026-04-04 20:17:27.740076,2002,244,2,1.0,33.739
2026-04-04 20:17:30.013899,2001,244,2,1.0,33.898
2026-04-04 20:17:32.268917,2001,244,2,1.0,34.056
2026-04-04 20:17:34.521418,2000,244,2,1.0,34.214
2026-04-04 20:17:36.770854,1997,243,2,1.0,34.373
2026-04-04 20:17:39.010405,2000,244,2,1.0,34.531
2026-04-04 20:17:41.269377,2002,244,2,1.0,34.69
2026-04-04 20:17:43.514855,2003,244,2,1.0,34.848
2026-04-04 20:17:45.765208,2003,244,2,1.0,35.006
2026-04-04 20:17:47.986099,2095,255,2,1.0,35.165
2026-04-04 20:17:50.263779,2002,244,2,1.0,35.323
2026-04-04 20:17:52.528591,2001,244,2,1.0,35.482
2026-04-04 20:17:54.768459,2004,244,2,1.0,35.64
2026-04-04 20:17:57.015134,2004,244,2,1.0,35.798
2026-04-04 20:17:59.238162,2007,245,2,1.0,35.957
2026-04-04 20:18:01.514708,2003,244,2,1.0,36.115
2026-04-04 20:18:03.768638,2006,244,2,1.0,36.274
2026-04-04 20:18:06.019857,2005,244,2,1.0,36.432
2026-04-04 20:18:08.273227,2006,244,2,1.0,36.59
2026-04-04 20:18:10.514743,2006,244,2,1.0,36.749
2026-04-04 20:18:12.743891,2006,244,2,1.0,36.907
2026-04-04 20:18:15.004979,2007,245,2,1.0,37.066
2026-04-04 20:18:17.265746,2006,244,2,1.0,37.224
2026-04-04 20:18:19.517875,2008,245,2,1.0,37.382
2026-04-04 20:18:21.763974,2010,245,2,1.0,37.541
2026-04-04 20:18:24.015690,2003,244,2,1.0,37.699
2026-04-04 20:18:26.268355,2006,244,2,1.0,37.858
2026-04-04 20:18:28.536811,2009,245,2,1.0,38.016
2026-04-04 20:18:30.761266,2011,245,2,1.0,38.174
2026-04-04 20:18:33.036540,2006,244,2,1.0,38.333
2026-04-04 20:18:35.272797,2013,245,2,1.0,38.491
2026-04-04 20:18:37.514422,2007,245,2,1.0,38.65
2026-04-04 20:18:39.764558,2008,245,2,1.0,38.808
2026-04-04 20:18:42.018624,2011,245,2,1.0,38.966
2026-04-04 20:18:44.265392,2010,245,2,1.0,39.125
2026-04-04 20:18:46.513935,2010,245,2,1.0,39.283
2026-04-04 20:18:48.735800,2012,245,2,1.0,39.442
2026-04-04 20:18:51.018977,1912,233,2,1.0,39.6
2026-04-04 20:18:53.262702,2006,244,2,1.0,39.758
2026-04-04 20:18:55.517592,2012,245,2,1.0,39.917
2026-04-04 20:18:57.766227,2012,245,2,1.0,40.075
2026-04-04 20:18:59.990965,2012,245,2,1.0,40.234
2026-04-04 20:19:02.242532,2012,245,2,1.0,40.392
2026-04-04 20:19:04.502316,2012,245,2,1.0,40.55
2026-04-04 20:19:06.737398,2013,245,2,1.0,40.709
2026-04-04 20:19:09.016314,2013,245,2,1.0,40.867
2026-04-04 20:19:11.235207,2014,245,2,1.0,41.026
2026-04-04 20:19:13.513463,2007,245,2,1.0,41.184
2026-04-04 20:19:15.764751,2014,245,2,1.0,41.342
2026-04-04 20:19:18.017992,2013,245,2,1.0,41.501
2026-04-04 20:19:20.268929,2015,246,2,1.0,41.659
2026-04-04 20:19:22.522421,2014,245,2,1.0,41.818
2026-04-04 20:19:24.764056,2015,246,2,1.0,41.976
2026-04-04 20:19:27.016091,2015,246,2,1.0,42.134
2026-04-04 20:19:29.234809,2014,245,2,1.0,42.293
2026-04-04 20:19:31.524087,2015,246,2,1.0,42.451
2026-04-04 20:19:33.766126,2015,246,2,1.0,42.61
2026-04-04 20:19:35.989171,2014,245,2,1.0,42.768
2026-04-04 20:19:38.264095,2017,246,2,1.0,42.926
2026-04-04 20:19:40.512243,2009,245,2,1.0,43.085
2026-04-04 20:19:42.763420,2011,245,2,1.0,43.243
2026-04-04 20:19:45.015189,2015,246,2,1.0,43.402
2026-04-04 20:19:47.270637,2017,246,2,1.0,43.56
2026-04-04 20:19:49.514381,2010,245,2,1.0,43.718
2026-04-04 20:19:51.762565,2014,245,2,1.0,43.877
2026-04-04 20:19:54.015030,2017,246,2,1.0,44.035
2026-04-04 20:19:56.269163,2017,246,2,1.0,44.194
2026-04-04 20:19:58.493927,2017,246,2,1.0,44.352
2026-04-04 20:20:00.751736,2018,246,2,1.0,44.51
2026-04-04 20:20:03.020914,2017,246,2,1.0,44.669
2026-04-04 20:20:05.267949,2017,246,2,1.0,44.827
2026-04-04 20:20:07.491536,2019,246,2,1.0,44.986
2026-04-04 20:20:09.768188,2018,246,2,1.0,45.144
2026-04-04 20:20:12.021760,2028,247,2,1.0,45.302
2026-04-04 20:20:14.264040,2021,246,2,1.0,45.461
2026-04-04 20:20:16.517963,2016,246,2,1.0,45.619
2026-04-04 20:20:18.766703,2020,246,2,1.0,45.778
2026-04-04 20:20:21.017602,2021,246,2,1.0,45.936
2026-04-04 20:20:23.269690,2018,246,2,1.0,46.094
2026-04-04 20:20:25.521562,2023,247,2,1.0,46.253
2026-04-04 20:20:27.780834,2021,246,2,1.0,46.411
2026-04-04 20:20:30.017382,2041,249,2,1.0,46.57
2026-04-04 20:20:32.284524,2016,246,2,1.0,46.728
2026-04-04 20:20:34.523846,2022,246,2,1.0,46.886
2026-04-04 20:20:36.771315,2018,246,2,1.0,47.045
2026-04-04 20:20:39.018996,2022,246,2,1.0,47.203
2026-04-04 20:20:41.267199,2027,247,2,1.0,47.362
2026-04-04 20:20:43.517441,2025,247,2,1.0,47.52
2026-04-04 20:20:45.768658,2025,247,2,1.0,47.678
2026-04-04 20:20:47.985364,2023,247,2,1.0,47.837
2026-04-04 20:20:50.268242,2025,247,2,1.0,47.995
2026-04-04 20:20:52.518885,2019,246,2,1.0,48.154
2026-04-04 20:20:54.768390,2025,247,2,1.0,48.312
2026-04-04 20:20:57.020007,2023,247,2,1.0,48.47
2026-04-04 20:20:59.270460,2024,247,2,1.0,48.629
2026-04-04 20:21:01.524633,2026,247,2,1.0,48.787
2026-04-04 20:21:03.776940,2023,247,2,1.0,48.946
2026-04-04 20:21:06.021522,2028,247,2,1.0,49.104
2026-04-04 20:21:08.269930,2026,247,2,1.0,49.262
2026-04-04 20:21:10.526012,2027,247,2,1.0,49.421
2026-04-04 20:21:12.779393,2009,245,2,1.0,49.579
2026-04-04 20:21:15.017915,2029,247,2,1.0,49.738
2026-04-04 20:21:17.270834,2026,247,2,1.0,49.896
2026-04-04 20:21:19.532576,2024,247,2,1.0,50.054
2026-04-04 20:21:21.773083,2023,247,2,1.0,50.213
2026-04-04 20:21:24.020275,2026,247,2,1.0,50.371
2026-04-04 20:21:26.268561,2028,247,2,1.0,50.53
2026-04-04 20:21:28.526151,2023,247,2,1.0,50.688
2026-04-04 20:21:30.769152,2031,247,2,1.0,50.846
2026-04-04 20:21:33.018028,2029,247,2,1.0,51.005
2026-04-04 20:21:35.271716,2023,247,2,1.0,51.163
2026-04-04 20:21:37.519759,2027,247,2,1.0,51.322
2026-04-04 20:21:39.771531,2027,247,2,1.0,51.48
2026-04-04 20:21:42.004232,2025,247,2,1.0,51.638
2026-04-04 20:21:44.271461,2028,247,2,1.0,51.797
2026-04-04 20:21:46.521390,2032,248,2,1.0,51.955
2026-04-04 20:21:48.768610,2030,247,2,1.0,52.114
2026-04-04 20:21:51.017455,2030,247,2,1.0,52.272
2026-04-04 20:21:53.258196,2030,247,2,1.0,52.43
2026-04-04 20:21:55.494628,2032,248,2,1.0,52.589
2026-04-04 20:21:57.770999,2028,247,2,1.0,52.747
2026-04-04 20:22:00.031223,2019,246,2,1.0,52.906
2026-04-04 20:22:02.270979,2031,247,2,1.0,53.064
2026-04-04 20:22:04.519569,2030,247,2,1.0,53.222
2026-04-04 20:22:06.771821,2030,247,2,1.0,53.381
2026-04-04 20:22:09.009562,2032,248,2,1.0,53.539
2026-04-04 20:22:11.277075,2032,248,2,1.0,53.698
2026-04-04 20:22:13.499207,2032,248,2,1.0,53.856
2026-04-04 20:22:15.765841,2032,248,2,1.0,54.014
2026-04-04 20:22:17.999850,2026,247,2,1.0,54.173
2026-04-04 20:22:20.284356,2032,248,2,1.0,54.331
2026-04-04 20:22:22.519268,2032,248,2,1.0,54.49
2026-04-04 20:22:24.744173,2032,248,2,1.0,54.648
2026-04-04 20:22:26.996983,2053,250,2,1.0,54.806
2026-04-04 20:22:29.284123,2031,247,2,1.0,54.965
2026-04-04 20:22:31.526348,2032,248,2,1.0,55.123
2026-04-04 20:22:33.775929,2029,247,2,1.0,55.282
2026-04-04 20:22:36.027013,2032,248,2,1.0,55.44
2026-04-04 20:22:38.274150,2037,248,2,1.0,55.598
2026-04-04 20:22:40.522740,2031,247,2,1.0,55.757
2026-04-04 20:22:42.782325,2031,247,2,1.0,55.915
2026-04-04 20:22:44.999321,2034,248,2,1.0,56.074
2026-04-04 20:22:47.289433,2032,248,2,1.0,56.232
2026-04-04 20:22:49.521334,2032,248,2,1.0,56.39
2026-04-04 20:22:51.748224,2033,248,2,1.0,56.549
2026-04-04 20:22:54.036871,2035,248,2,1.0,56.707
2026-04-04 20:22:56.287179,2034,248,2,1.0,56.866
2026-04-04 20:22:58.521785,2036,248,2,1.0,57.024
2026-04-04 20:23:00.771784,2035,248,2,1.0,57.182
2026-04-04 20:23:03.024513,2035,248,2,1.0,57.341
2026-04-04 20:23:05.264461,2030,247,2,1.0,57.499
2026-04-04 20:23:07.535090,2038,248,2,1.0,57.658
2026-04-04 20:23:09.775340,2032,248,2,1.0,57.816
2026-04-04 20:23:12.028487,2035,248,2,1.0,57.974
2026-04-04 20:23:14.285577,2034,248,2,1.0,58.133
2026-04-04 20:23:16.531541,2036,248,2,1.0,58.291
2026-04-04 20:23:18.778515,2035,248,2,1.0,58.45
2026-04-04 20:23:21.056623,2035,248,2,1.0,58.608
2026-04-04 20:23:23.264094,2038,248,2,1.0,58.766
2026-04-04 20:23:25.525362,2035,248,2,1.0,58.925
2026-04-04 20:23:27.776658,2031,247,2,1.0,59.083
2026-04-04 20:23:30.026945,2039,248,2,1.0,59.242
2026-04-04 20:23:32.278121,2040,249,2,1.0,59.4
2026-04-04 20:23:34.528066,2038,248,2,1.0,59.558
2026-04-04 20:23:36.783031,2039,248,2,1.0,59.717
2026-04-04 20:23:39.042326,2038,248,2,1.0,59.875
2026-04-04 20:23:41.284646,2035,248,2,1.0,60.034
2026-04-04 20:23:43.529291,2038,248,2,1.0,60.192
2026-04-04 20:23:45.779897,2041,249,2,1.0,60.35
2026-04-04 20:23:48.031885,2040,249,2,1.0,60.509
2026-04-04 20:23:50.278219,2039,248,2,1.0,60.667
2026-04-04 20:23:52.527587,2040,249,2,1.0,60.826
2026-04-04 20:23:54.778366,2043,249,2,1.0,60.984
2026-04-04 20:23:57.029063,2040,249,2,1.0,61.142
2026-04-04 20:23:59.277655,2041,249,2,1.0,61.301
2026-04-04 20:24:01.536313,2043,249,2,1.0,61.459
2026-04-04 20:24:03.776972,2044,249,2,1.0,61.618
2026-04-04 20:24:06.030975,2044,249,2,1.0,61.776
2026-04-04 20:24:08.269287,2044,249,2,1.0,61.934
2026-04-04 20:24:10.502058,2042,249,2,1.0,62.093
2026-04-04 20:24:12.778272,2039,248,2,1.0,62.251
2026-04-04 20:24:15.027659,2042,249,2,1.0,62.41
2026-04-04 20:24:17.277932,2039,248,2,1.0,62.568
2026-04-04 20:24:19.535282,2040,249,2,1.0,62.726
2026-04-04 20:24:21.779901,2044,249,2,1.0,62.885
2026-04-04 20:24:24.033419,2042,249,2,1.0,63.043
2026-04-04 20:24:26.280624,2065,252,2,1.0,63.202
2026-04-04 20:24:28.529091,2044,249,2,1.0,63.36
2026-04-04 20:24:30.782332,2045,249,2,1.0,63.518
2026-04-04 20:24:33.040080,2047,249,2,1.0,63.677
2026-04-04 20:24:35.277443,2045,249,2,1.0,63.835
2026-04-04 20:24:37.542213,2047,249,2,1.0,63.994
2026-04-04 20:24:39.782101,2047,249,2,1.0,64.152
2026-04-04 20:24:42.015016,2037,248,2,1.0,64.31
2026-04-04 20:24:44.288867,2046,249,2,1.0,64.469
2026-04-04 20:24:46.548450,2049,250,2,1.0,64.627
2026-04-04 20:24:48.782676,2049,250,2,1.0,64.786
2026-04-04 20:24:50.999564,2050,250,2,1.0,64.944
2026-04-04 20:24:53.286698,2046,249,2,1.0,65.102
2026-04-04 20:24:55.543749,2051,250,2,1.0,65.261
2026-04-04 20:24:57.780673,2046,249,2,1.0,65.419
2026-04-04 20:25:00.038936,2054,250,2,1.0,65.578
2026-04-04 20:25:02.289480,2051,250,2,1.0,65.736
2026-04-04 20:25:04.533062,2047,249,2,1.0,65.894
2026-04-04 20:25:06.795349,2047,249,2,1.0,66.053
2026-04-04 20:25:08.999913,2050,250,2,1.0,66.211
2026-04-04 20:25:11.288114,2054,250,2,1.0,66.37
2026-04-04 20:25:13.532598,2055,250,2,1.0,66.528
2026-04-04 20:25:15.781191,2050,250,2,1.0,66.686
2026-04-04 20:25:18.037845,2056,251,2,1.0,66.845
2026-04-04 20:25:20.286301,2053,250,2,1.0,67.003
2026-04-04 20:25:22.544883,2051,250,2,1.0,67.162
2026-04-04 20:25:24.782256,2046,249,2,1.0,67.32
2026-04-04 20:25:27.036826,2040,249,2,1.0,67.478
2026-04-04 20:25:29.290598,2056,251,2,1.0,67.637
2026-04-04 20:25:31.542904,2051,250,2,1.0,67.795
2026-04-04 20:25:33.787244,2059,251,2,1.0,67.954
2026-04-04 20:25:36.032576,2051,250,2,1.0,68.112
2026-04-04 20:25:38.281041,2048,250,2,1.0,68.27
2026-04-04 20:25:40.538795,2050,250,2,1.0,68.429
2026-04-04 20:25:42.794069,2057,251,2,1.0,68.587
2026-04-04 20:25:45.037006,2052,250,2,1.0,68.746
2026-04-04 20:25:47.284341,2058,251,2,1.0,68.904
2026-04-04 20:25:49.543929,2059,251,2,1.0,69.062
2026-04-04 20:25:51.787327,2053,250,2,1.0,69.221
2026-04-04 20:25:54.050203,2057,251,2,1.0,69.379
2026-04-04 20:25:56.286037,2057,251,2,1.0,69.538
2026-04-04 20:25:58.526504,2057,251,2,1.0,69.696
2026-04-04 20:26:00.788634,2044,249,2,1.0,69.854
2026-04-04 20:26:03.037009,2058,251,2,1.0,70.013
2026-04-04 20:26:05.289334,2065,252,2,1.0,70.171
2026-04-04 20:26:07.816034,2060,251,2,1.0,70.33
2026-04-04 20:26:10.435120,2061,251,2,1.0,70.488
2026-04-04 20:26:12.792232,2060,251,2,1.0,70.646
2026-04-04 20:26:15.041230,2058,251,2,1.0,70.805
2026-04-04 20:26:17.290045,2060,251,2,1.0,70.963
2026-04-04 20:26:19.545156,2059,251,2,1.0,71.122
2026-04-04 20:26:21.801089,2061,251,2,1.0,71.28
2026-04-04 20:26:24.043339,2061,251,2,1.0,71.438
2026-04-04 20:26:26.267105,2058,251,2,1.0,71.597
2026-04-04 20:26:28.538530,2060,251,2,1.0,71.755
2026-04-04 20:26:30.787525,2053,250,2,1.0,71.914
2026-04-04 20:26:33.061832,2061,251,2,1.0,72.072
2026-04-04 20:26:35.294463,2061,251,2,1.0,72.23
2026-04-04 20:26:37.515807,2063,251,2,1.0,72.389
2026-04-04 20:26:39.786412,2048,250,2,1.0,72.547
2026-04-04 20:26:42.042707,2061,251,2,1.0,72.706
2026-04-04 20:26:44.298491,2057,251,2,1.0,72.864
2026-04-04 20:26:46.539805,2060,251,2,1.0,73.022
2026-04-04 20:26:48.789983,2069,252,2,1.0,73.181
2026-04-04 20:26:51.043572,2055,250,2,1.0,73.339
2026-04-04 20:26:53.295332,2062,251,2,1.0,73.498
2026-04-04 20:26:55.541138,2063,251,2,1.0,73.656
2026-04-04 20:26:57.800534,2063,251,2,1.0,73.814
2026-04-04 20:27:00.015997,2063,251,2,1.0,73.973
2026-04-04 20:27:02.262209,2062,251,2,1.0,74.131
2026-04-04 20:27:04.543867,2064,252,2,1.0,74.29
2026-04-04 20:27:06.796765,2063,251,2,1.0,74.448
2026-04-04 20:27:09.039677,2063,251,2,1.0,74.606
2026-04-04 20:27:11.271507,2060,251,2,1.0,74.765
2026-04-04 20:27:13.548089,2064,252,2,1.0,74.923
2026-04-04 20:27:15.790792,2064,252,2,1.0,75.082
2026-04-04 20:27:18.029085,2060,251,2,1.0,75.24
2026-04-04 20:27:20.289268,2063,251,2,1.0,75.398
2026-04-04 20:27:22.541308,2049,250,2,1.0,75.557
2026-04-04 20:27:24.795115,2064,252,2,1.0,75.715
2026-04-04 20:27:27.048296,2064,252,2,1.0,75.874
2026-04-04 20:27:29.267399,2064,252,2,1.0,76.032
2026-04-04 20:27:31.512386,2065,252,2,1.0,76.19
2026-04-04 20:27:33.792035,2058,251,2,1.0,76.349
2026-04-04 20:27:36.041502,2061,251,2,1.0,76.507
2026-04-04 20:27:38.291956,2064,252,2,1.0,76.666
2026-04-04 20:27:40.549694,2064,252,2,1.0,76.824
2026-04-04 20:27:42.765553,2066,252,2,1.0,76.982
2026-04-04 20:27:45.045020,2064,252,2,1.0,77.141
2026-04-04 20:27:47.296578,2066,252,2,1.0,77.299
2026-04-04 20:27:49.556938,1935,236,2,1.0,77.458
2026-04-04 20:27:51.806805,2064,252,2,1.0,77.616
2026-04-04 20:27:54.041494,2076,253,2,1.0,77.774
2026-04-04 20:27:56.305622,2065,252,2,1.0,77.933
2026-04-04 20:27:58.553005,2064,252,2,1.0,78.091
2026-04-04 20:28:00.805888,2065,252,2,1.0,78.25
2026-04-04 20:28:03.043959,2064,252,2,1.0,78.408
2026-04-04 20:28:05.303287,2066,252,2,1.0,78.566
2026-04-04 20:28:07.548906,2068,252,2,1.0,78.725
2026-04-04 20:28:09.794883,2066,252,2,1.0,78.883
2026-04-04 20:28:12.056907,2066,252,2,1.0,79.042
2026-04-04 20:28:14.268876,2066,252,2,1.0,79.2
2026-04-04 20:28:16.656339,2063,251,2,1.0,79.358
2026-04-04 20:28:18.810380,2069,252,2,1.0,79.517
2026-04-04 20:28:21.050328,2063,251,2,1.0,79.675
2026-04-04 20:28:23.302191,2065,252,2,1.0,79.834
2026-04-04 20:28:25.555389,2068,252,2,1.0,79.992
2026-04-04 20:28:27.797967,2070,252,2,1.0,80.15
2026-04-04 20:28:30.059124,2066,252,2,1.0,80.309
2026-04-04 20:28:32.320028,2067,252,2,1.0,80.467
2026-04-04 20:28:34.548085,2067,252,2,1.0,80.626
2026-04-04 20:28:36.773816,2063,251,2,1.0,80.784
2026-04-04 20:28:39.051122,2069,252,2,1.0,80.942
2026-04-04 20:28:41.298189,2070,252,2,1.0,81.101
2026-04-04 20:28:43.548779,2065,252,2,1.0,81.259
2026-04-04 20:28:45.801899,2067,252,2,1.0,81.418
2026-04-04 20:28:48.050853,2068,252,2,1.0,81.576
2026-04-04 20:28:50.308423,2069,252,2,1.0,81.734
2026-04-04 20:28:52.555667,2070,252,2,1.0,81.893
2026-04-04 20:28:54.803110,2071,252,2,1.0,82.051
2026-04-04 20:28:57.050338,2069,252,2,1.0,82.21
2026-04-04 20:28:59.301872,2070,252,2,1.0,82.368
2026-04-04 20:29:01.553991,2070,252,2,1.0,82.526
2026-04-04 20:29:03.773794,2068,252,2,1.0,82.685
2026-04-04 20:29:06.052426,2084,254,2,1.0,82.843
2026-04-04 20:29:08.304060,2071,252,2,1.0,83.002
2026-04-04 20:29:10.569062,2070,252,2,1.0,83.16
2026-04-04 20:29:12.802478,2073,253,2,1.0,83.318
2026-04-04 20:29:15.057351,2100,256,2,1.0,83.477
2026-04-04 20:29:17.307800,2072,252,2,1.0,83.635
2026-04-04 20:29:19.555825,2073,253,2,1.0,83.794
2026-04-04 20:29:21.804305,2074,253,2,1.0,83.952
2026-04-04 20:29:24.054102,2067,252,2,1.0,84.11
2026-04-04 20:29:26.301143,2075,253,2,1.0,84.269
2026-04-04 20:29:28.553721,2072,252,2,1.0,84.427
2026-04-04 20:29:30.804457,2073,253,2,1.0,84.586
2026-04-04 20:29:33.057964,2072,252,2,1.0,84.744
2026-04-04 20:29:35.303973,2075,253,2,1.0,84.902
2026-04-04 20:29:37.554526,2069,252,2,1.0,85.061
2026-04-04 20:29:39.802332,2069,252,2,1.0,85.219
2026-04-04 20:29:42.034907,2074,253,2,1.0,85.378
2026-04-04 20:29:44.306215,2196,268,2,1.0,85.536
2026-04-04 20:29:46.556862,2073,253,2,1.0,85.694
2026-04-04 20:29:48.802832,2075,253,2,1.0,85.853
2026-04-04 20:29:51.055638,2107,257,2,1.0,86.011
2026-04-04 20:29:53.315087,2066,252,2,1.0,86.17
2026-04-04 20:29:55.556768,2076,253,2,1.0,86.328
2026-04-04 20:29:57.814596,2075,253,2,1.0,86.486
2026-04-04 20:30:00.056661,2079,253,2,1.0,86.645
2026-04-04 20:30:02.302956,2075,253,2,1.0,86.803
2026-04-04 20:30:04.560928,2076,253,2,1.0,86.962
2026-04-04 20:30:06.813403,2067,252,2,1.0,87.12
2026-04-04 20:30:09.056615,2077,253,2,1.0,87.278
2026-04-04 20:30:11.306493,2079,253,2,1.0,87.437
2026-04-04 20:30:13.562985,2078,253,2,1.0,87.595
2026-04-04 20:30:15.809398,2078,253,2,1.0,87.754
2026-04-04 20:30:18.024988,2075,253,2,1.0,87.912
2026-04-04 20:30:20.317172,2077,253,2,1.0,88.07
2026-04-04 20:30:22.565053,2078,253,2,1.0,88.229
2026-04-04 20:30:24.807634,2069,252,2,1.0,88.387
2026-04-04 20:30:27.092814,2078,253,2,1.0,88.546
2026-04-04 20:30:29.321831,2079,253,2,1.0,88.704
2026-04-04 20:30:31.558956,2215,270,2,1.0,88.862
2026-04-04 20:30:33.806092,2227,271,2,1.0,89.021
2026-04-04 20:30:36.070356,2320,283,2,1.0,89.179
2026-04-04 20:30:38.312716,2269,277,2,1.0,89.338
2026-04-04 20:30:40.564314,2288,279,2,1.0,89.496
2026-04-04 20:30:42.812330,2298,280,2,1.0,89.654
2026-04-04 20:30:45.066284,2307,281,2,1.0,89.813
2026-04-04 20:30:47.311594,2313,282,2,1.0,89.971
2026-04-04 20:30:49.564698,2316,282,2,1.0,90.13
2026-04-04 20:30:51.815177,2321,283,2,1.0,90.288
2026-04-04 20:30:54.077504,2324,283,2,1.0,90.446
2026-04-04 20:30:56.312006,2328,284,2,1.0,90.605
2026-04-04 20:30:58.565600,2334,284,2,1.0,90.763
2026-04-04 20:31:00.818782,2331,284,2,1.0,90.922
2026-04-04 20:31:03.078050,2339,285,2,1.0,91.08
2026-04-04 20:31:05.315952,2342,285,2,1.0,91.238
2026-04-04 20:31:07.576131,2348,286,2,1.0,91.397
2026-04-04 20:31:09.815525,2342,285,2,1.0,91.555
2026-04-04 20:31:12.073093,2348,286,2,1.0,91.714
2026-04-04 20:31:14.324466,2350,286,2,1.0,91.872
2026-04-04 20:31:16.578210,2351,287,2,1.0,92.03
2026-04-04 20:31:18.814353,2348,286,2,1.0,92.189
2026-04-04 20:31:21.078270,2351,287,2,1.0,92.347
2026-04-04 20:31:23.317144,2356,287,2,1.0,92.506
2026-04-04 20:31:25.570811,2362,288,2,1.0,92.664
2026-04-04 20:31:27.821045,2363,288,2,1.0,92.822
2026-04-04 20:31:30.066882,2362,288,2,1.0,92.981
2026-04-04 20:31:32.319494,2362,288,2,1.0,93.139
2026-04-04 20:31:34.562685,2357,287,2,1.0,93.298
2026-04-04 20:31:36.816771,2362,288,2,1.0,93.456
2026-04-04 20:31:39.067202,2366,288,2,1.0,93.614
2026-04-04 20:31:41.317351,2367,289,2,1.0,93.773
2026-04-04 20:31:43.577272,2367,289,2,1.0,93.931
2026-04-04 20:31:45.794319,2365,288,2,1.0,94.09
2026-04-04 20:31:48.066878,2370,289,2,1.0,94.248
2026-04-04 20:31:50.322845,2374,289,2,1.0,94.406
2026-04-04 20:31:52.572793,2375,289,2,1.0,94.565
2026-04-04 20:31:54.822530,2375,289,2,1.0,94.723
2026-04-04 20:31:57.041224,2379,290,2,1.0,94.882
2026-04-04 20:31:59.320906,2377,290,2,1.0,95.04
2026-04-04 20:32:01.581400,2381,290,2,1.0,95.198
2026-04-04 20:32:03.820955,2430,296,2,1.0,95.357
2026-04-04 20:32:06.071141,2377,290,2,1.0,95.515
2026-04-04 20:32:08.321640,2384,291,2,1.0,95.674
2026-04-04 20:32:10.573470,2384,291,2,1.0,95.832
2026-04-04 20:32:12.805266,2384,291,2,1.0,95.99
2026-04-04 20:32:15.041062,2388,291,2,1.0,96.149
2026-04-04 20:32:17.322141,2385,291,2,1.0,96.307
2026-04-04 20:32:19.573084,2387,291,2,1.0,96.466
2026-04-04 20:32:21.823818,2389,291,2,1.0,96.624
2026-04-04 20:32:24.071330,2393,292,2,1.0,96.782
2026-04-04 20:32:26.316856,2388,291,2,1.0,96.941
2026-04-04 20:32:28.571383,2380,290,2,1.0,97.099
2026-04-04 20:32:30.821526,2388,291,2,1.0,97.258
2026-04-04 20:32:33.077387,2389,291,2,1.0,97.416
2026-04-04 20:32:35.337924,2399,292,2,1.0,97.574
2026-04-04 20:32:37.581619,2399,292,2,1.0,97.733
2026-04-04 20:32:39.806145,2396,292,2,1.0,97.891
2026-04-04 20:32:42.075575,2399,292,2,1.0,98.05
2026-04-04 20:32:44.339220,1884,230,2,1.0,98.208
2026-04-04 20:32:46.574575,2132,260,2,1.0,98.366
2026-04-04 20:32:48.826536,1997,243,2,1.0,98.525
2026-04-04 20:32:51.076411,2033,248,2,1.0,98.683
2026-04-04 20:32:53.333425,1923,234,2,1.0,98.842
2026-04-04 20:32:55.569653,2192,267,2,1.0,99.0
2026-04-04 20:32:57.823285,2176,265,2,1.0,99.158
2026-04-04 20:33:00.081159,2182,266,2,1.0,99.317
2026-04-04 20:33:02.321211,2193,267,2,1.0,99.475
2026-04-04 20:33:04.570449,2193,267,2,1.0,99.634
2026-04-04 20:33:06.802988,2192,267,2,1.0,99.792
2026-04-04 20:33:09.071638,2199,268,2,1.0,99.95
2026-04-04 20:33:11.322806,2200,268,2,1.0,100.109
2026-04-04 20:33:13.574916,2195,268,2,1.0,100.267
2026-04-04 20:33:15.827774,2204,269,2,1.0,100.426
2026-04-04 20:33:18.077042,2207,269,2,1.0,100.584
2026-04-04 20:33:20.328837,2215,270,2,1.0,100.742
2026-04-04 20:33:22.574024,2220,271,2,1.0,100.901
2026-04-04 20:33:24.851601,2226,271,2,1.0,101.059
2026-04-04 20:33:27.071878,2227,271,2,1.0,101.218
2026-04-04 20:33:29.355438,2226,271,2,1.0,101.376
2026-04-04 20:33:31.601619,2226,271,2,1.0,101.534
2026-04-04 20:33:33.796081,2229,272,2,1.0,101.693
2026-04-04 20:33:36.073392,2229,272,2,1.0,101.851
2026-04-04 20:33:38.296671,2238,273,2,1.0,102.01
2026-04-04 20:33:40.577439,2243,273,2,1.0,102.168
2026-04-04 20:33:42.840153,2247,274,2,1.0,102.326
2026-04-04 20:33:45.074027,2250,274,2,1.0,102.485
2026-04-04 20:33:47.328232,2226,271,2,1.0,102.643
2026-04-04 20:33:49.582855,2234,272,2,1.0,102.802
2026-04-04 20:33:51.834487,2236,273,2,1.0,102.96
2026-04-04 20:33:54.075721,2245,274,2,1.0,103.118
2026-04-04 20:33:56.327536,2254,275,2,1.0,103.277
2026-04-04 20:33:58.624804,2256,275,2,1.0,103.435
2026-04-04 20:34:00.871404,2260,275,2,1.0,103.594
2026-04-04 20:34:03.098627,2258,275,2,1.0,103.752
2026-04-04 20:34:05.332083,2263,276,2,1.0,103.91
2026-04-04 20:34:07.586437,2222,271,2,1.0,104.069
2026-04-04 20:34:09.827461,2238,273,2,1.0,104.227
2026-04-04 20:34:12.077651,2243,273,2,1.0,104.386
2026-04-04 20:34:14.329751,2234,272,2,1.0,104.544
2026-04-04 20:34:16.582421,2229,272,2,1.0,104.702
2026-04-04 20:34:18.830158,2241,273,2,1.0,104.861
2026-04-04 20:34:21.091568,2242,273,2,1.0,105.019
2026-04-04 20:34:23.328278,2240,273,2,1.0,105.178
2026-04-04 20:34:25.588722,2239,273,2,1.0,105.336
2026-04-04 20:34:27.835800,2241,273,2,1.0,105.494
2026-04-04 20:34:30.087946,2250,274,2,1.0,105.653
2026-04-04 20:34:32.329379,2250,274,2,1.0,105.811
2026-04-04 20:34:34.552403,2260,275,2,1.0,105.97
2026-04-04 20:34:36.842508,2256,275,2,1.0,106.128
2026-04-04 20:34:39.077479,2250,274,2,1.0,106.286
2026-04-04 20:34:41.336736,2253,275,2,1.0,106.445
2026-04-04 20:34:43.588535,2252,274,2,1.0,106.603
2026-04-04 20:34:45.867721,2254,275,2,1.0,106.762
2026-04-04 20:34:48.081701,2250,274,2,1.0,106.92
2026-04-04 20:34:50.335111,2240,273,2,1.0,107.078
2026-04-04 20:34:52.575898,2251,274,2,1.0,107.237
2026-04-04 20:34:54.834887,2248,274,2,1.0,107.395
2026-04-04 20:34:57.081924,2237,273,2,1.0,107.554
2026-04-04 20:34:59.347333,2246,274,2,1.0,107.712
2026-04-04 20:35:01.587055,2239,273,2,1.0,107.87
2026-04-04 20:35:03.831614,2245,274,2,1.0,108.029
2026-04-04 20:35:06.080745,2242,273,2,1.0,108.187
2026-04-04 20:35:08.331755,2241,273,2,1.0,108.346
2026-04-04 20:35:10.585570,2187,267,2,1.0,108.504
2026-04-04 20:35:12.839980,2190,267,2,1.0,108.662
2026-04-04 20:35:15.116638,2191,267,2,1.0,108.821
2026-04-04 20:35:17.347316,2187,267,2,1.0,108.979
2026-04-04 20:35:19.620898,2202,268,2,1.0,109.138
2026-04-04 20:35:21.859228,2198,268,2,1.0,109.296
2026-04-04 20:35:24.115346,2202,268,2,1.0,109.454
2026-04-04 20:35:26.355801,2193,267,2,1.0,109.613
2026-04-04 20:35:28.608889,2196,268,2,1.0,109.771
2026-04-04 20:35:30.860390,2189,267,2,1.0,109.93
2026-04-04 20:35:33.115962,2192,267,2,1.0,110.088
2026-04-04 20:35:35.364937,2195,268,2,1.0,110.246
2026-04-04 20:35:37.621709,2201,268,2,1.0,110.405
2026-04-04 20:35:39.871858,2200,268,2,1.0,110.563
2026-04-04 20:35:42.123863,2200,268,2,1.0,110.722
2026-04-04 20:35:44.341818,2207,269,2,1.0,110.88
2026-04-04 20:35:46.624082,2203,268,2,1.0,111.038
2026-04-04 20:35:48.899728,2208,269,2,1.0,111.197
2026-04-04 20:35:51.119696,2209,269,2,1.0,111.355
2026-04-04 20:35:53.370369,2211,269,2,1.0,111.514
2026-04-04 20:35:55.839550,2212,270,2,1.0,111.672
2026-04-04 20:35:58.295458,2226,271,2,1.0,111.83
2026-04-04 20:36:00.660366,2384,291,2,1.0,111.989
2026-04-04 20:36:02.911556,2320,283,2,1.0,112.147
2026-04-04 20:36:05.160983,2348,286,2,1.0,112.306
2026-04-04 20:36:07.388507,2367,289,2,1.0,112.464
2026-04-04 20:36:09.653777,2374,289,2,1.0,112.622
2026-04-04 20:36:11.880949,2380,290,2,1.0,112.781
2026-04-04 20:36:14.156868,2393,292,2,1.0,112.939
2026-04-04 20:36:16.379125,2400,293,2,1.0,113.098
2026-04-04 20:36:18.655749,2408,294,2,1.0,113.256
2026-04-04 20:36:20.875260,2407,293,2,1.0,113.414
2026-04-04 20:36:23.171968,2415,294,2,1.0,113.573
2026-04-04 20:36:25.382612,2415,294,2,1.0,113.731
2026-04-04 20:36:27.653217,2415,294,2,1.0,113.89
2026-04-04 20:36:29.858202,2414,294,2,1.0,114.048
2026-04-04 20:36:32.304264,2408,294,2,1.0,114.206
2026-04-04 20:36:34.676556,2420,295,2,1.0,114.365
2026-04-04 20:36:36.920469,2422,295,2,1.0,114.523
2026-04-04 20:36:39.171435,2425,296,2,1.0,114.682
2026-04-04 20:36:41.387578,2427,296,2,1.0,114.84
2026-04-04 20:36:43.637117,2428,296,2,1.0,114.998
2026-04-04 20:36:45.893669,2428,296,2,1.0,115.157
2026-04-04 20:36:48.272399,2429,296,2,1.0,115.315
2026-04-04 20:36:50.629259,2430,296,2,1.0,115.474
2026-04-04 20:36:52.887186,2424,295,2,1.0,115.632
2026-04-04 20:36:55.139953,2429,296,2,1.0,115.79
2026-04-04 20:36:57.380162,2431,296,2,1.0,115.949
2026-04-04 20:36:59.840563,2431,296,2,1.0,116.107
2026-04-04 20:37:02.190759,2432,296,2,1.0,116.266
2026-04-04 20:37:04.406810,2430,296,2,1.0,116.424
2026-04-04 20:37:06.653298,2432,296,2,1.0,116.582
2026-04-04 20:37:08.888702,2431,296,2,1.0,116.741
2026-04-04 20:37:11.312808,2429,296,2,1.0,116.899
2026-04-04 20:37:13.636786,2431,296,2,1.0,117.058
2026-04-04 20:37:15.870077,2427,296,2,1.0,117.216
2026-04-04 20:37:18.121383,2429,296,2,1.0,117.374
2026-04-04 20:37:20.369309,2432,296,2,1.0,117.533
2026-04-04 20:37:22.681173,2434,297,2,1.0,117.691
2026-04-04 20:37:24.893600,2439,297,2,1.0,117.85
2026-04-04 20:37:27.147638,2445,298,2,1.0,118.008
2026-04-04 20:37:29.540008,2448,298,2,1.0,118.166
2026-04-04 20:37:32.039954,2567,313,2,1.0,118.325
2026-04-04 20:37:34.300214,2443,298,2,1.0,118.483
2026-04-04 20:37:36.563922,2448,298,2,1.0,118.642
2026-04-04 20:37:38.845670,2448,298,2,1.0,118.8
2026-04-04 20:37:41.142971,2440,297,2,1.0,118.958
2026-04-04 20:37:43.387555,2449,299,2,1.0,119.117
2026-04-04 20:37:45.658576,2449,299,2,1.0,119.275
2026-04-04 20:37:47.867179,2448,298,2,1.0,119.434
2026-04-04 20:37:50.068511,2446,298,2,1.0,119.592
2026-04-04 20:37:52.332928,2445,298,2,1.0,119.75
2026-04-04 20:37:54.575321,2448,298,2,1.0,119.909
2026-04-04 20:37:56.826674,2447,298,2,1.0,120.067
2026-04-04 20:37:59.078349,2448,298,2,1.0,120.226
2026-04-04 20:38:01.490395,2448,298,2,1.0,120.384
2026-04-04 20:38:03.638121,2448,298,2,1.0,120.542
2026-04-04 20:38:05.806582,2460,300,2,1.0,120.701
2026-04-04 20:38:07.978335,2449,299,2,1.0,120.859
2026-04-04 20:38:10.199522,2449,299,2,1.0,121.018
2026-04-04 20:38:12.362801,2448,298,2,1.0,121.176
2026-04-04 20:38:14.638345,2449,299,2,1.0,121.334
2026-04-04 20:38:16.887664,2448,298,2,1.0,121.493
2026-04-04 20:38:19.142282,2448,298,2,1.0,121.651
2026-04-04 20:38:21.376494,2448,298,2,1.0,121.81
2026-04-04 20:38:23.613543,2448,298,2,1.0,121.968
2026-04-04 20:38:25.959149,2446,298,2,1.0,122.126
2026-04-04 20:38:28.146078,2445,298,2,1.0,122.285
2026-04-04 20:38:30.392987,2445,298,2,1.0,122.443
2026-04-04 20:38:32.624659,2439,297,2,1.0,122.602
2026-04-04 20:38:34.876729,2444,298,2,1.0,122.76
2026-04-04 20:38:37.079040,2439,297,2,1.0,122.918
2026-04-04 20:38:39.261493,2446,298,2,1.0,123.077
2026-04-04 20:38:41.413432,2443,298,2,1.0,123.235
2026-04-04 20:38:43.657609,2441,298,2,1.0,123.394
2026-04-04 20:38:45.888070,2438,297,2,1.0,123.552
2026-04-04 20:38:48.150191,2445,298,2,1.0,123.71
2026-04-04 20:38:50.381684,2433,297,2,1.0,123.869
2026-04-04 20:38:52.637898,2433,297,2,1.0,124.027
2026-04-04 20:38:54.858780,2445,298,2,1.0,124.186
2026-04-04 20:38:57.143358,2443,298,2,1.0,124.344
2026-04-04 20:38:59.398095,2438,297,2,1.0,124.502
2026-04-04 20:39:01.659696,2432,296,2,1.0,124.661
2026-04-04 20:39:03.838013,2445,298,2,1.0,124.819
2026-04-04 20:39:06.057288,2445,298,2,1.0,124.978
2026-04-04 20:39:08.282848,2446,298,2,1.0,125.136
2026-04-04 20:39:10.559094,2447,298,2,1.0,125.294
2026-04-04 20:39:12.963290,2440,297,2,1.0,125.453
2026-04-04 20:39:15.148365,2444,298,2,1.0,125.611
2026-04-04 20:39:17.408924,2444,298,2,1.0,125.77
2026-04-04 20:39:19.560158,2447,298,2,1.0,125.928
2026-04-04 20:39:21.827455,2447,298,2,1.0,126.086
2026-04-04 20:39:24.056938,2448,298,2,1.0,126.245
2026-04-04 20:39:26.395278,2392,292,2,1.0,126.403
2026-04-04 20:39:28.650641,2446,298,2,1.0,126.562
2026-04-04 20:39:31.090202,2447,298,2,1.0,126.72
2026-04-04 20:39:33.411185,2446,298,2,1.0,126.878
2026-04-04 20:39:35.644205,2447,298,2,1.0,127.037
2026-04-04 20:39:37.911909,2441,298,2,1.0,127.195
2026-04-04 20:39:40.160253,2440,297,2,1.0,127.354
2026-04-04 20:39:42.556119,2431,296,2,1.0,127.512
2026-04-04 20:39:44.911942,2443,298,2,1.0,127.67
2026-04-04 20:39:47.115385,2441,298,2,1.0,127.829
2026-04-04 20:39:49.366711,2437,297,2,1.0,127.987
2026-04-04 20:39:51.670377,2429,296,2,1.0,128.146
2026-04-04 20:39:53.951734,2451,299,2,1.0,128.304
2026-04-04 20:39:56.155388,2441,298,2,1.0,128.462
2026-04-04 20:39:58.548499,2441,298,2,1.0,128.621
2026-04-04 20:40:00.877333,2434,297,2,1.0,128.779
2026-04-04 20:40:03.084808,2436,297,2,1.0,128.938
2026-04-04 20:40:05.495646,2426,296,2,1.0,129.096
2026-04-04 20:40:07.649983,2427,296,2,1.0,129.254
2026-04-04 20:40:09.844163,2425,296,2,1.0,129.413
2026-04-04 20:40:12.113741,2420,295,2,1.0,129.571
2026-04-04 20:40:14.365297,2413,294,2,1.0,129.73
2026-04-04 20:40:16.777228,2415,294,2,1.0,129.888
2026-04-04 20:40:18.912800,2417,295,2,1.0,130.046
2026-04-04 20:40:21.093663,2412,294,2,1.0,130.205
2026-04-04 20:40:23.364305,2413,294,2,1.0,130.363
2026-04-04 20:40:25.780557,2413,294,2,1.0,130.522
2026-04-04 20:40:27.893309,2413,294,2,1.0,130.68
2026-04-04 20:40:30.097472,2404,293,2,1.0,130.838
2026-04-04 20:40:32.372846,2388,291,2,1.0,130.997
2026-04-04 20:40:34.635344,2397,292,2,1.0,131.155
2026-04-04 20:40:36.882465,2410,294,2,1.0,131.314
2026-04-04 20:40:39.142315,2392,292,2,1.0,131.472
2026-04-04 20:40:41.348223,2387,291,2,1.0,131.63
2026-04-04 20:40:43.636403,2385,291,2,1.0,131.789
2026-04-04 20:40:45.933802,2385,291,2,1.0,131.947
2026-04-04 20:40:48.298359,2387,291,2,1.0,132.106
2026-04-04 20:40:50.654302,2388,291,2,1.0,132.264
2026-04-04 20:40:52.863924,2384,291,2,1.0,132.422
2026-04-04 20:40:55.048325,2386,291,2,1.0,132.581
2026-04-04 20:40:57.298280,2388,291,2,1.0,132.739
2026-04-04 20:40:59.657556,2395,292,2,1.0,132.898
2026-04-04 20:41:01.904455,2386,291,2,1.0,133.056
2026-04-04 20:41:04.094057,2392,292,2,1.0,133.214
2026-04-04 20:41:06.386407,2383,290,2,1.0,133.373
2026-04-04 20:41:08.625950,2384,291,2,1.0,133.531
2026-04-04 20:41:10.911865,2380,290,2,1.0,133.69
2026-04-04 20:41:13.178143,2389,291,2,1.0,133.848
2026-04-04 20:41:15.414566,2399,292,2,1.0,134.006
2026-04-04 20:41:17.638214,2391,291,2,1.0,134.165
2026-04-04 20:41:19.886600,2394,292,2,1.0,134.323
2026-04-04 20:41:22.149964,2384,291,2,1.0,134.482
2026-04-04 20:41:24.393447,2396,292,2,1.0,134.64
2026-04-04 20:41:26.649529,2392,292,2,1.0,134.798
2026-04-04 20:41:28.903031,2397,292,2,1.0,134.957
2026-04-04 20:41:31.159423,2398,292,2,1.0,135.115
2026-04-04 20:41:33.562012,2393,292,2,1.0,135.274
2026-04-04 20:41:36.226881,2401,293,2,1.0,135.432
2026-04-04 20:41:38.415641,2408,294,2,1.0,135.59
2026-04-04 20:41:40.666511,2401,293,2,1.0,135.749
2026-04-04 20:41:42.917792,2402,293,2,1.0,135.907
2026-04-04 20:41:45.159161,2401,293,2,1.0,136.066
2026-04-04 20:41:47.334873,2406,293,2,1.0,136.224
2026-04-04 20:41:49.608463,2408,294,2,1.0,136.382
2026-04-04 20:41:51.914789,2407,293,2,1.0,136.541
2026-04-04 20:41:54.162696,2407,293,2,1.0,136.699
2026-04-04 20:41:56.392950,2406,293,2,1.0,136.858
2026-04-04 20:41:58.665710,2403,293,2,1.0,137.016
2026-04-04 20:42:00.914066,2397,292,2,1.0,137.174
2026-04-04 20:42:03.176868,2399,292,2,1.0,137.333
2026-04-04 20:42:05.410674,2396,292,2,1.0,137.491
2026-04-04 20:42:07.614525,2402,293,2,1.0,137.65
2026-04-04 20:42:09.870137,2386,291,2,1.0,137.808
2026-04-04 20:42:12.115902,2391,291,2,1.0,137.966
2026-04-04 20:42:14.373024,2397,292,2,1.0,138.125
2026-04-04 20:42:16.769953,2401,293,2,1.0,138.283
2026-04-04 20:42:18.915482,2406,293,2,1.0,138.442
